{
  "info": {
    "name": "USAC Reviews API",
    "schema": "https://schema.getpostman.com/json/collection/v2.1.0/collection.json"
  },
  "item": [
    {
      "name": "Auth - Register",
      "request": {
        "method": "POST",
        "header": [
          {
            "key": "Content-Type",
            "value": "application/json"
          }
        ],
        "url": {
          "raw": "{{BASE_URL}}/api/auth/register",
          "host": [
            "{{BASE_URL}}"
          ],
          "path": [
            "api",
            "auth",
            "register"
          ]
        },
        "body": {
          "mode": "raw",
          "raw": "{\"registro_academico\": \"20210001\", \"nombres\": \"Juan\", \"apellidos\": \"P\\u00e9rez\", \"email\": \"juan@example.com\", \"password\": \"123456\"}"
        }
      }
    },
    {
      "name": "Auth - Login",
      "request": {
        "method": "POST",
        "header": [
          {
            "key": "Content-Type",
            "value": "application/json"
          }
        ],
        "url": {
          "raw": "{{BASE_URL}}/api/auth/login",
          "host": [
            "{{BASE_URL}}"
          ],
          "path": [
            "api",
            "auth",
            "login"
          ]
        },
        "body": {
          "mode": "raw",
          "raw": "{\"email\": \"juan@example.com\", \"password\": \"123456\"}"
        }
      }
    },
    {
      "name": "Posts - List",
      "request": {
        "method": "GET",
        "url": {
          "raw": "{{BASE_URL}}/api/posts?tipo=CURSO&curso=SIS201",
          "host": [
            "{{BASE_URL}}"
          ],
          "path": [
            "api",
            "posts"
          ],
          "query": [
            {
              "key": "tipo",
              "value": "CURSO"
            },
            {
              "key": "curso",
              "value": "SIS201"
            }
          ]
        }
      }
    }
  ],
  "variable": [
    {
      "key": "BASE_URL",
      "value": "http://localhost:4000"
    }
  ]
}